KA;RegExp
0.000221;0.003557
0.000278;0.001659
0.000255;0.001432
0.000256;0.001235
0.000365;0.001505
0.000260;0.001316
0.000248;0.001327
0.000249;0.001309
0.000257;0.001313
0.000277;0.001205
0.000292;0.001314
0.000238;0.001257
0.000241;0.001333
0.000265;0.001335
0.000249;0.001242
0.000247;0.001360
0.000241;0.001252
0.000238;0.001271
0.000268;0.001294
0.000254;0.001292
