Size;Matrix;Recursive
1;0.00947;0.00219
2;0.01944; 0.01216
3;0.02293;0.06726
4;0.03590; 0.34368
5;0.04488; 2.12764
6;0.06332;9.37488
7;0.09275; 52.40877
8;0.10023; 295.03857
