Size;Leven;Damerau
10;0.19946;0.19927
20;0.59840;0.79860
30;1.39639;1.69157
40;2.29361;3.68990
50;2.49347;7.08122
60;4.38809;7.87875
70;6.98132;10.77120
80;5.88438;14.36564
90;10.37225;16.85559
100;12.16747;26.12550
